,hawker_name,status,latitude,longtitude,feture
0,Cambridge Road Blk 41A (Pek Kio Market and Food Centre),Existing,1.31615991374589,103.850225081031,hawker
1,Changi Village Blk 2 and 3,Existing,1.38915172065006,103.988245749103,hawker
2,Chomp Chomp Food Centre,Existing,1.36422852315868,103.866536130299,hawker
3,Ci Yuan Hawker Centre,Existing (new),1.37542896666561,103.882977999397,hawker
4,Circuit Road Blk 79/79A,Existing,1.32644992167231,103.885043500019,hawker
5,Circuit Road Blk 80 (80 Circuit Road Market and Food Centre),Existing,1.32784956142548,103.887128535137,hawker
6,Circuit Road Blk 89,Existing,1.32344525333847,103.885449224256,hawker
7,Clementi Ave 2 Blk 353 (Clementi Ave 2 Market/Cooked Food Centre),Existing,1.31436772839327,103.770836740843,hawker
8,Clementi Ave 3 Blk 448,Existing,1.31326486994113,103.764510533078,hawker
9,Clementi West Street 2 Blk 726,Existing,1.3037819726711,103.764264410293,hawker
10,Commonwealth Crescent Market,Existing,1.3068922760844,103.800362825517,hawker
11,Commonwealth Drive Blk 1A/2A/3A (Tanglin Halt Food Centre/Commonwealth Drive Food Centre),Existing,1.29971330531884,103.797875477439,hawker
12,Dunman Food Centre,Existing,1.30941418731184,103.90182514721,hawker
13,East Coast Lagoon Food Village,Existing,1.30668431820832,103.93501674725,hawker
14,Empress Road Blk 7 (Empress Road Market and Food Centre),Existing,1.31624573118373,103.805636386821,hawker
15,Eunos Crescent Blk 4A,Existing,1.32033178221424,103.904260878989,hawker
16,Geylang Bahru Blk 69 (Blk 69 Geylang Bahru Market and Food Centre),Existing,1.32146226027018,103.870004415152,hawker
17,Geylang Serai Market,Existing,1.3167281476983,103.898224315881,hawker
18,Ghim Moh Road Blk 20,Existing,1.31099627311591,103.788230657145,hawker
19,Telok Blangah Crescent Blk 11 (11 Telok Blangah Crescent Market and Food Centre),Existing,1.27736683810317,103.818641695106,hawker
20,Telok Blangah Drive Blk 79 (Telok Blangah Food Centre),Existing,1.27336828250285,103.807626838954,hawker
21,Telok Blangah Drive Blk 82 (Telok Blangah Market),Existing,1.27391379857001,103.807943567416,hawker
22,Telok Blangah Rise Blk 36 (Telok Blangah Rise Market),Existing,1.27271579716508,103.82211725658,hawker
23,Tiong Bahru Market,Existing,1.28508825756818,103.832348785334,hawker
24,Toa Payoh Lorong 1 Blk 127 (Toa Payoh West Market and Food Court),Existing,1.33809268551386,103.844731621961,hawker
25,Toa Payoh Lorong 4 Blk 74 (Toa Payoh Vista Market),Existing,1.33454816495637,103.851999137527,hawker
26,Toa Payoh Lorong 4 Blk 93,Existing,1.3384747524617,103.849513484035,hawker
27,Toa Payoh Lorong 5 Blk 75,Existing,1.33603882157063,103.852941556275,hawker
28,Toa Payoh Lorong 7 Blk 22 (Kim Keat Palm Market and Food Centre),Existing,1.33523145909678,103.857036007166,hawker
29,Toa Payoh Lorong 8 Blk 210,Existing,1.3402608349586,103.854395279214,hawker
30,Upper Boon Keng Road Blk 17 (Blk 17 Upper Boon Keng Market and Food Centre),Existing,1.31502804429519,103.871620273635,hawker
31,Upper Cross Street Blk 531A (Hong Lim Food Centre and Market),Existing,1.28524640047048,103.845818885585,hawker
32,West Coast Drive Blk 502 (Ayer Rajah Market),Existing,1.31188972115897,103.759166093858,hawker
33,West Coast Drive Blk 503 (Ayer Rajah Food Centre),Existing,1.31180301004196,103.759751321019,hawker
34,Whampoa Drive Blk 90 (Whampoa Drive Makan Place/Whampoa Food Centre),Existing,1.32294306204189,103.855137696535,hawker
35,Whampoa Drive Blk 91/92 (Whampoa Drive Makan Place/Whampoa Market),Existing,1.32342175143826,103.85406806286,hawker
36,Yishun Park Hawker Centre,Existing (new),1.42501763803265,103.844747581861,hawker
37,Yishun Ring Road Blk 104/105 (Chong Pang Market and Food Centre),Existing,1.43144768831222,103.828537609942,hawker
38,Zion Riverside Food Centre,Existing,1.29234216757957,103.831189303546,hawker
39,Dawson Hawker Centre,Under Construction,1.29748567106686,103.804715225285,hawker
40,Woodleigh Village Hawker Centre,Under Construction,1.3397961360031,103.872090241567,hawker
41,Anchorvale Village Hawker Centre,Under Construction,1.39691417603694,103.888489618777,hawker
42,Fernvale Hawker Centre,Under Construction,1.39159232727757,103.877060478847,hawker
43,Punggol Town Hub Hawker Centre,Under Construction,1.40818996870647,103.904805657576,hawker
44,Bukit Canberra Hawker Centre,Under Construction,1.44921660555282,103.822399230842,hawker
45,Market Street Hawker Centre,Under Construction,1.2844248503218,103.850164578087,hawker
46,Punggol Digital District Hawker Centre,Under Construction,1.41456688638677,103.908252830309,hawker
47,Bukit Panjang North Hawker Centre,Under Construction,1.38712226320812,103.76126288878,hawker
48,Buangkok Hawker Centre,Under Construction,1.32895932365504,103.945485083387,hawker
49,Bukit Batok Hawker Centre,Proposed,1.35521457121361,103.741825836536,hawker
50,Jalan Kukoh Blk 1 (Kukoh 21 Food Centre),Existing,1.28823055540002,103.839945947186,hawker
51,Jurong East Ave 1 Blk 347 (Yuhua Market and Hawker Centre),Existing,1.34531247026793,103.731579747132,hawker
52,Jurong East Street 24 Blk 254 (Yuhua Village Market and Food Centre),Existing,1.34344213770991,103.737781231485,hawker
53,Jurong West Hawker Centre,Existing (new),1.3412597060095,103.697404254467,hawker
54,Jurong West Street 52 Blk 505,Existing,1.34964224318434,103.71844754363,hawker
55,Kallang Estate Fresh Market and Food Centre,Existing,1.30739616009942,103.884130183315,hawker
56,Kampung Admiralty Hawker Centre,Existing (new),1.43993283228134,103.800696448529,hawker
57,Marine Parade Central Blk 84 (84 Marine Parade Central Market and Food Centre),Existing,1.30228513841822,103.906338526157,hawker
58,Marine Terrace Blk 50A (50A Marine Terrace),Existing,1.30577514781108,103.915761950557,hawker
59,Market Street Interim Hawker Centre,Existing,1.28159564281228,103.848973726501,hawker
60,Marsiling Lane Blk 20/21,Existing,1.44388181695611,103.777203165702,hawker
61,Marsiling Mall Hawker Centre,Existing (new),1.43353885680037,103.779784899996,hawker
62,Maxwell Food Centre (Kim Hua Market),Existing,1.28011223513205,103.844827863123,hawker
63,Mei Chin Road Blk 159 (Mei Chin Road Market),Existing,1.29323622090657,103.802903901116,hawker
64,New Market Road Blk 32 (People's Park Food Centre),Existing,1.28499102169498,103.842578750107,hawker
65,New Upper Changi Road Blk 208B,Existing,1.32473884451035,103.93056047823,hawker
66,New Upper Changi Road Blk 58,Existing,1.32418782817919,103.94113237262,hawker
67,Newton Food Centre,Existing,1.31189235691652,103.839562687644,hawker
68,North Bridge Road Market,Existing,1.30576537802761,103.863891012338,hawker
69,Old Airport Road Blk 51 (51 Old Airport Road Food Centre and Shopping Mall),Existing,1.30825156309798,103.885833217727,hawker
70,Our Tampines Hub,Existing (new),1.35386211773287,103.939726160039,hawker
71,Pasir Panjang Food Centre,Existing,1.27590752450201,103.791402660553,hawker
72,Pasir Ris Central Hawker Centre,Existing (new),1.37343413973246,103.951543034782,hawker
73,Queen Street Blk 270 (Albert Centre),Existing,1.30100146521405,103.854211645499,hawker
74,Redhill Lane Blk 79 (Redhill Market),Existing,1.2878581025663,103.818402623449,hawker
75,Redhill Lane Blk 85 (Redhill Food Centre),Existing,1.28733076703987,103.818338919994,hawker
76,Sembawang Hills Food Centre (Jalan Leban Food Centre),Existing,1.37238494002145,103.828994204342,hawker
77,Serangoon Garden Market,Existing,1.3631571201113,103.866737484646,hawker
78,Shunfu Road Blk 320 (Shunfu Mart),Existing,1.35200744198417,103.837031803823,hawker
79,Sims Place Blk 49 (Sims Vista Market and Food Centre),Existing,1.31708335109102,103.879417030673,hawker
80,Smith Street Blk 335 (Chinatown Complex Market),Existing,1.28223514826381,103.843177616296,hawker
81,Taman Jurong Market and Food Centre,Existing,1.33458935951076,103.721519868629,hawker
82,Tampines Street 11 Blk 137 (Tampines Round Market and Food Centre),Existing,1.3456395210229,103.944624481151,hawker
83,Tanglin Halt Market,Existing,1.30078931480841,103.797625756738,hawker
84,Tanjong Pagar Plaza Blk 6 (Blk 6 Tanjong Pagar Plaza Market and Food Centre),Existing,1.27661461066321,103.843166992138,hawker
85,Teban Garden Road Blk 37A (Teban Gardens Market and Food Centre),Existing,1.32084835041654,103.742891623681,hawker
86,Golden Mile Food Centre,Existing,1.30287548090781,103.863883249985,hawker
87,Haig Road Blk 13/14 (Haig Road Market and Cooked Food Centre),Existing,1.3151420505272,103.895609494855,hawker
88,Havelock Road Blk 22A/B (Havelock Road Cooked Food Centre),Existing,1.28797543998733,103.829626834637,hawker
89,Holland Drive Blk 44 (Holland Drive Market and Food Centre),Existing,1.30811775909823,103.792773765463,hawker
90,Holland Village Market and Food Centre,Existing,1.31090802808558,103.794862936127,hawker
91,Hougang Ave 1 Blk 105 (Hougang 105 Hainanese Village Centre),Existing,1.35383739101169,103.890081064953,hawker
92,Hougang Street 21 Blk 209 (Kovan Hougang Market and Food Centre),Existing,1.35911942212642,103.885977616903,hawker
93,Jalan Batu Blk 4A (Blk 4A Jalan Batu Hawker Centre/Market),Existing,1.30241881353449,103.88394058022,hawker
94,Jalan Bukit Merah Blk 112 (Blk 112 Jalan Bukit Merah Market and Food Centre),Existing,1.28000481198881,103.826013285715,hawker
95,Jalan Bukit Merah Blk 6 (ABC Brickworks Market/Food Centre),Existing,1.28695275198944,103.808127999318,hawker
96,Adam Road Food Centre,Existing,1.32413422253318,103.814165010384,hawker
97,Aljunied Ave 2 Blk 117 (Blk 117 Aljunied Market and Food Centre),Existing,1.32064829234987,103.88701902611,hawker
98,Amoy Street Food Centre (Telok Ayer Food Centre),Existing,1.27921844263268,103.846606784092,hawker
99,Ang Mo Kio Ave 1 Blk 226D (Kebun Baru Market and Food Centre),Existing,1.36678764523637,103.839231344066,hawker
100,Ang Mo Kio Ave 1 Blk 341 (Teck Ghee Court),Existing,1.36410517096399,103.848254220438,hawker
101,Ang Mo Kio Ave 10 Blk 409 (Teck Ghee Square),Existing,1.36276891777383,103.855369790045,hawker
102,Ang Mo Kio Ave 10 Blk 453A (Chong Boon Market and Food Centre),Existing,1.36824049310006,103.856351437414,hawker
103,Ang Mo Kio Ave 10 Blk 527 (Cheng San Market and Cooked Food Centre),Existing,1.37276992816898,103.854482811591,hawker
104,Ang Mo Kio Ave 4 Blk 160/162 (Mayflower Market),Existing,1.37448912101909,103.839214290038,hawker
105,Ang Mo Kio Ave 4 Blk 628 (Ang Mo Kio 628 Market),Existing,1.38102486670548,103.840682307297,hawker
106,Ang Mo Kio Ave 6 Blk 724 (Blk 724 Ang Mo Kio Market),Existing,1.37219743270044,103.846519219268,hawker
107,Ang Mo Kio Street 22 Blk 226H (Kebun Baru Food Centre),Existing,1.36723014879667,103.839953165937,hawker
108,Bedok Food Centre,Existing,1.32035600765426,103.955474150677,hawker
109,Bedok North Street 1 Blk 216,Existing,1.32706240888967,103.933221544751,hawker
110,Bedok North Street 3 Blk 511 (Kaki Bukit 511 Market and Food Centre),Existing,1.33324627868937,103.930602144469,hawker
111,Bedok North Street 3 Blk 538,Existing,1.33178125123252,103.924844235398,hawker
112,Bedok North Street 4 Blk 85 (85 Fengshan Centre),Existing,1.33198706861747,103.938732580554,hawker
113,Bedok Reservoir Road Blk 630,Existing,1.33315924777343,103.91405388831,hawker
114,Bedok South Road Blk 16,Existing,1.32055216480957,103.93553909635,hawker
115,Bendemeer Road Blk 29 (Bendemeer Market and Food Centre),Existing,1.31921699786807,103.863021377531,hawker
116,Beo Crescent Market,Existing,1.28882210205212,103.827358017197,hawker
117,Berseh Food Centre,Existing,1.30733651651517,103.856853966617,hawker
118,Boon Lay Place Blk 221A/B (Boon Lay Place Market and Food Village),Existing,1.3452231627967,103.712799765872,hawker
119,Buffalo Road Blk 665 (Tekka Centre/Zhu Jiao Market),Existing,1.30620584090733,103.850530969624,hawker
120,Bukit Merah Central Blk 163 (Bukit Merah Central Food Centre),Existing,1.28369258928085,103.816992390295,hawker
121,Bukit Merah Lane 1 Blk 120 (Alexandra Village Food Centre),Existing,1.28629777221659,103.804489277779,hawker
122,Bukit Merah View Blk 115 (Blk 115 Bukit Merah View Market and Food Centre),Existing,1.28550478314618,103.822049361292,hawker
123,Bukit Panjang Hawker Centre,Existing (new),1.37760053528611,103.772489583206,hawker
124,Bukit Timah Market,Existing,1.33937596351523,103.775995008012,hawker
